,fips,year,state,dem_share,ols_pred_dem_vote,ols_pred_gop_vote
0,1,1972,AL,0.2606703976364212,0.29696645007428435,0.7030335499257157
1,2,1972,AK,0.3732845690475112,0.4443387647471302,0.5556612352528698
2,4,1972,AZ,0.330156048371004,0.33060905741808844,0.6693909425819116
3,5,1972,AR,0.3085379663383231,0.3462319295606431,0.6537680704393569
4,6,1972,CA,0.4302886266961774,0.3947090593654514,0.6052909406345486
5,8,1972,CO,0.3559005963314131,0.3548315080213089,0.6451684919786911
6,9,1972,CT,0.4065826368461077,0.45012273150574833,0.5498772684942517
7,11,1972,DC,0.7836944974916028,0.25963000000000014,0.7403699999999999
8,10,1972,DE,0.3966772696011004,0.40288208417963656,0.5971179158203634
9,12,1972,FL,0.2787855471303743,0.31106707883562335,0.6889329211643767
10,13,1972,GA,0.2472440810401144,0.28701077146468723,0.7129892285353128
11,15,1972,HI,0.3752081221279146,0.49968731577607306,0.5003126842239269
12,16,1972,ID,0.2884479497519717,0.31063695965138916,0.6893630403486108
13,17,1972,IL,0.4069787400213244,0.38964188016847867,0.6103581198315213
14,18,1972,IN,0.3352228911843657,0.35869908494104585,0.6413009150589541
15,19,1972,IA,0.4126751789942391,0.37498589734453924,0.6250141026554608
16,20,1972,KS,0.3036594805746327,0.31679692334862253,0.6832030766513775
17,21,1972,KY,0.354292887109168,0.3692798365967751,0.6307201634032249
18,22,1972,LA,0.3026840772634148,0.31937341371160155,0.6806265862883984
19,23,1972,ME,0.3850547426877868,0.46190600474045196,0.538093995259548
20,24,1972,MD,0.378837767754287,0.419668176677626,0.580331823322374
21,25,1972,MA,0.5450912985178052,0.5368400731168781,0.4631599268831219
22,26,1972,MI,0.4265911873062789,0.43974304823547516,0.5602569517645248
23,27,1972,MN,0.4717975555901835,0.443318203661371,0.556681796338629
24,28,1972,MS,0.2006339540470354,0.2583001795056248,0.7416998204943752
25,29,1972,MO,0.3770566488303666,0.38932943106611084,0.6106705689338892
26,30,1972,MT,0.3951599911892245,0.3768060117542711,0.6231939882457289
27,31,1972,NE,0.2949752641469818,0.28847506320487026,0.7115249367951297
28,32,1972,NV,0.3631922361717813,0.3371597984437118,0.6628402015562882
29,33,1972,NH,0.3526634136885561,0.36671417591227895,0.633285824087721
30,34,1972,NJ,0.3739207310888136,0.4234435905335916,0.5765564094664084
31,35,1972,NM,0.3745360906846478,0.35376898315982785,0.6462310168401721
32,36,1972,NY,0.4130936459858827,0.44165079323654455,0.5583492067634555
33,37,1972,NC,0.293724398999996,0.3034083911031775,0.6965916088968225
34,38,1972,ND,0.3657069579187811,0.34298438811886944,0.6570156118811306
35,39,1972,OH,0.3896525022021058,0.4013600955462784,0.5986399044537216
36,40,1972,OK,0.2456309656798241,0.31729605633284974,0.6827039436671503
37,41,1972,OR,0.4465993364004157,0.38805270862396446,0.6119472913760355
38,42,1972,PA,0.3983070270634506,0.42831967569940455,0.5716803243005955
39,44,1972,RI,0.4689924535212082,0.5419852240974632,0.4580147759025368
40,45,1972,SC,0.2834669019031087,0.27051126875816855,0.7294887312418314
41,46,1972,SD,0.4567082543298272,0.3573214987310309,0.6426785012689691
42,47,1972,TN,0.3052638324049075,0.32396248365172875,0.6760375163482713
43,48,1972,TX,0.3342683150376739,0.3669164169044148,0.6330835830955852
44,49,1972,UT,0.2806766430998806,0.33135802509103884,0.6686419749089612
45,50,1972,VT,0.367865834246154,0.40910028897002304,0.590899711029977
46,51,1972,VA,0.3074773360983059,0.2914363396212285,0.7085636603787715
47,53,1972,WA,0.4043732021126044,0.4236343490891681,0.5763656509108319
48,54,1972,WV,0.3638973818171325,0.430033873069847,0.569966126930153
49,55,1972,WI,0.4501957097228057,0.41064044749615647,0.5893595525038435
50,56,1972,WY,0.3062932427393628,0.3084078323056376,0.6915921676943624
51,1,1976,AL,0.5666672397785496,0.4152137599144332,0.5847862400855668
52,2,1976,AK,0.3810817122641917,0.4672982212276553,0.5327017787723447
53,4,1976,AZ,0.4138669698310381,0.42118128249680264,0.5788187175031974
54,5,1976,AR,0.6502283414045632,0.42981889514491334,0.5701811048550867
55,6,1976,CA,0.4908217269318179,0.5143174423298178,0.4856825576701822
56,8,1976,CO,0.4406472547668275,0.46398459193837827,0.5360154080616217
57,9,1976,CT,0.4738998329378652,0.5392764522956193,0.46072354770438073
58,11,1976,DC,0.8317772238685264,0.17775000000000002,0.8222499999999999
59,10,1976,DE,0.5274602348264186,0.4963327371537716,0.5036672628462284
60,12,1976,FL,0.526802018720792,0.4094520044008143,0.5905479955991857
61,13,1976,GA,0.6693829485931742,0.38899217998393354,0.6110078200160665
62,15,1976,HI,0.5128263123829938,0.5248217702393942,0.47517822976060575
63,16,1976,ID,0.3826700937405503,0.3968646612614015,0.6031353387385985
64,17,1976,IL,0.4899716625636061,0.49949741148691906,0.5005025885130809
65,18,1976,IN,0.4615122219230517,0.4491527239609572,0.5508472760390428
66,19,1976,IA,0.4948387364562729,0.4948358948968741,0.5051641051031259
67,20,1976,KS,0.4612445923746186,0.42130034394515103,0.578699656054849
68,21,1976,KY,0.5365402864664347,0.46754560430806213,0.5324543956919379
69,22,1976,LA,0.5295957514788067,0.42414513876339477,0.5758548612366052
70,23,1976,ME,0.4956882110290461,0.5289904129929881,0.4710095870070119
71,24,1976,MD,0.5303541992343639,0.5069498359403806,0.49305016405961943
72,25,1976,MA,0.5811462217110593,0.6344035754821586,0.36559642451784136
73,26,1976,MI,0.4725622595013001,0.5182548216902587,0.4817451783097413
74,27,1976,MN,0.566419819719711,0.5424851468544802,0.45751485314551976
75,28,1976,MS,0.509665777813421,0.39410890257116904,0.605891097428831
76,29,1976,MO,0.5184190712575877,0.467137234589031,0.532862765410969
77,30,1976,MT,0.4621565385401378,0.48933772919592844,0.5106622708040716
78,31,1976,NE,0.3938206630636825,0.3836762371750604,0.6163237628249396
79,32,1976,NV,0.4773060407118378,0.4419875174726293,0.5580124825273707
80,33,1976,NH,0.4425907605600024,0.47146096063703613,0.5285390393629639
81,34,1976,NJ,0.4889933152604929,0.5264093814344872,0.47359061856551277
82,35,1976,NM,0.4875523248345117,0.4255321402042074,0.5744678597957926
83,36,1976,NY,0.5222458761462596,0.5350653218941139,0.46493467810588607
84,37,1976,NC,0.5555329249846495,0.40145344139411643,0.5985465586058836
85,38,1976,ND,0.4699669830218133,0.45583787687772714,0.5441621231222729
86,39,1976,OH,0.5013853004616505,0.4888460990197485,0.5111539009802515
87,40,1976,OK,0.4938477948337429,0.3739280548405288,0.6260719451594712
88,41,1976,OR,0.4991282682307967,0.5307172965322287,0.46928270346777134
89,42,1976,PA,0.513571390921736,0.5110388110875643,0.4889611889124357
90,44,1976,RI,0.5567237731880602,0.6095289847027203,0.3904710152972797
91,45,1976,SC,0.5656772882121549,0.4051626276006588,0.5948373723993412
92,46,1976,SD,0.4925696563319523,0.5046950420234975,0.49530495797650254
93,47,1976,TN,0.5657294458053167,0.4245981680115838,0.5754018319884162
94,48,1976,TX,0.5159850322837711,0.43397953222555596,0.566020467774444
95,49,1976,UT,0.3501994161740555,0.39450108014173235,0.6054989198582676
96,50,1976,VT,0.4425514254978731,0.5147261703643311,0.4852738296356689
97,51,1976,VA,0.4931358114453634,0.39390073497516465,0.6060992650248354
98,53,1976,WA,0.4797970643220483,0.5200522616728311,0.47994773832716886
99,54,1976,WV,0.580696813796668,0.5019790391162524,0.4980209608837476
100,55,1976,WI,0.5086164366749967,0.5245398887764741,0.47546011122352594
101,56,1976,WY,0.4016559539482175,0.4133523691304455,0.5866476308695545
102,1,1980,AL,0.4932366169296053,0.4047484015284778,0.5952515984715222
103,2,1980,AK,0.3270081435515888,0.41646746445363353,0.5835325355463665
104,4,1980,AZ,0.3178791316766491,0.38134279560592144,0.6186572043940786
105,5,1980,AR,0.4968029405707653,0.44092585076215607,0.5590741492378439
106,6,1980,CA,0.4052905696890551,0.4740836372325756,0.5259163627674244
107,8,1980,CO,0.3606740394633796,0.41931654270062896,0.5806834572993711
108,9,1980,CT,0.4444280367728735,0.5022270735293718,0.4977729264706282
109,11,1980,DC,0.8481673005783359,0.90154,0.09845999999999999
110,10,1980,DE,0.4873321474982258,0.4749572429724235,0.5250427570275765
111,12,1980,FL,0.4094923705280309,0.4050647190190908,0.5949352809809092
112,13,1980,GA,0.5765631584159762,0.4199560778953951,0.580043922104605
113,15,1980,HI,0.510840592350869,0.4829563029467207,0.5170436970532792
114,16,1980,ID,0.2748677321266878,0.3710207819769357,0.6289792180230642
115,17,1980,IL,0.4566033761788903,0.4612981340276932,0.5387018659723068
116,18,1980,IN,0.4020267132985023,0.4177831422805788,0.5822168577194212
117,19,1980,IA,0.4293684972879164,0.46845212534937064,0.5315478746506294
118,20,1980,KS,0.3652451056147966,0.39170476936178444,0.6082952306382156
119,21,1980,KY,0.4924673901146529,0.4446397438282332,0.5553602561717668
120,22,1980,LA,0.4718911401140074,0.40090388893142115,0.5990961110685789
121,23,1980,ME,0.4809051656597664,0.4570292182340263,0.5429707817659737
122,24,1980,MD,0.516191380662185,0.48691524115145696,0.513084758848543
123,25,1980,MA,0.4990932698314367,0.5854427073221069,0.4145572926778931
124,26,1980,MI,0.4645358910320158,0.48891733811423677,0.5110826618857632
125,27,1980,MN,0.5221441216144116,0.517352163320889,0.48264783667911104
126,28,1980,MS,0.4932166779645438,0.3484942953372857,0.6515057046627143
127,29,1980,MO,0.4643458565855658,0.4530549899212307,0.5469450100787693
128,30,1980,MT,0.3633475554570473,0.46048937443108706,0.5395106255689129
129,31,1980,NE,0.2843463056504223,0.37332399953536793,0.6266760004646321
130,32,1980,NV,0.3007267133699923,0.4008875803717127,0.5991124196282873
131,33,1980,NH,0.3293230762715197,0.41753204495748697,0.582467955042513
132,34,1980,NJ,0.4259085548536872,0.48584618709814914,0.5141538129018508
133,35,1980,NM,0.4009173325688895,0.3962026863717879,0.6037973136282121
134,36,1980,NY,0.4852852164889812,0.4995568273203259,0.5004431726796741
135,37,1980,NC,0.4890031737025543,0.4042325533515749,0.5957674466484251
136,38,1980,ND,0.2901929024787089,0.44636199901545015,0.5536380009845498
137,39,1980,OH,0.4426451498992538,0.4580880778187144,0.5419119221812856
138,40,1980,OK,0.366278667196309,0.3787754669706401,0.62122453302936
139,41,1980,OR,0.4444740615642638,0.5028934338405299,0.49710656615947013
140,42,1980,PA,0.4613836413288336,0.47032055196798755,0.5296794480320124
141,44,1980,RI,0.5616605547453524,0.5507370142885482,0.44926298571145185
142,45,1980,SC,0.49214576520517,0.4138321460176383,0.5861678539823617
143,46,1980,SD,0.3436654114190034,0.46745465026109784,0.5325453497389021
144,47,1980,TN,0.4985007753951459,0.43664487757522435,0.5633551224247757
145,48,1980,TX,0.4283265920618454,0.4113030063431364,0.5886969936568636
146,49,1980,UT,0.2203481495798408,0.3316790815502998,0.6683209184497002
147,50,1980,VT,0.4640005892718526,0.4669753139062656,0.5330246860937344
148,51,1980,VA,0.4318413947087553,0.39703536676590095,0.602964633234099
149,53,1980,WA,0.429046539051112,0.49200362196415737,0.5079963780358426
150,54,1980,WV,0.5236978172012975,0.48728520572924505,0.512714794270755
151,55,1980,WI,0.4740969142143971,0.4927753902593005,0.5072246097406995
152,56,1980,WY,0.3086737402187014,0.38270188280975204,0.617298117190248
153,1,1984,AL,0.3873660464868173,0.42345220892651536,0.5765477910734846
154,2,1984,AK,0.3094408735228361,0.3451103183343953,0.6548896816656047
155,4,1984,AZ,0.3288327242999399,0.34240329445158846,0.6575967055484115
156,5,1984,AR,0.3877241189805592,0.45761061728181396,0.542389382718186
157,6,1984,CA,0.4177546517780233,0.40857566349304886,0.5914243365069511
158,8,1984,CO,0.3563415184305666,0.3632679887125554,0.6367320112874446
159,9,1984,CT,0.3900083123698196,0.4534588624239677,0.5465411375760323
160,11,1984,DC,0.8614773394710076,0.1786600000000001,0.82134
161,10,1984,DE,0.4004632730080442,0.4359738258025967,0.5640261741974033
162,12,1984,FL,0.3466758678645452,0.39493139483436934,0.6050686051656307
163,13,1984,GA,0.398021798518602,0.485104175203543,0.514895824796457
164,15,1984,HI,0.442962757823506,0.47839720466896907,0.5216027953310309
165,16,1984,ID,0.2672442880258501,0.28566959371430123,0.7143304062856988
166,17,1984,IL,0.4352674669277925,0.43035608596749375,0.5696439140325062
167,18,1984,IN,0.3792657087831628,0.38237743506928545,0.6176225649307145
168,19,1984,IA,0.4627617466997986,0.39954830328017676,0.6004516967198232
169,20,1984,KS,0.3297052288843034,0.3538575614070316,0.6461424385929684
170,21,1984,KY,0.3960661229576965,0.44959757461329675,0.5504024253867033
171,22,1984,LA,0.3858083883745785,0.40299565737562526,0.5970043426243747
172,23,1984,ME,0.3893088209939838,0.46103708333796245,0.5389629166620375
173,24,1984,MD,0.4724247280785537,0.4733030937304674,0.5266969062695326
174,25,1984,MA,0.4860166976274062,0.5116086831653166,0.4883913168346834
175,26,1984,MI,0.4045367500183142,0.4361417426008196,0.5638582573991804
176,27,1984,MN,0.5009089076819495,0.4733599626580771,0.5266400373419229
177,28,1984,MS,0.3772129095000476,0.40171920190620236,0.5982807980937976
178,29,1984,MO,0.3997524933212296,0.430528329411898,0.569471670588102
179,30,1984,MT,0.38698601236313,0.37567914855746,0.62432085144254
180,31,1984,NE,0.28995246326707,0.2980461742939253,0.7019538257060747
181,32,1984,NV,0.3268431844521708,0.35598377812704474,0.6440162218729553
182,33,1984,NH,0.3107400773269049,0.3390129732828493,0.6609870267171507
183,34,1984,NJ,0.3947860891850365,0.4329356863515521,0.5670643136484479
184,35,1984,NM,0.3965040187081179,0.4108575662663072,0.5891424337336928
185,36,1984,NY,0.4598228104237208,0.4603116422366087,0.5396883577633913
186,37,1984,NC,0.3797213705011314,0.42331288508905107,0.5766871149109489
187,38,1984,ND,0.3426541761685233,0.39306453943622355,0.6069354605637765
188,39,1984,OH,0.4052930728241563,0.42197679092748164,0.5780232090725184
189,40,1984,OK,0.3089017415230104,0.3566125021148334,0.6433874978851666
190,41,1984,OR,0.4389528866066263,0.43385865919221045,0.5661413408077896
191,42,1984,PA,0.4629926852287835,0.4425858059708383,0.5574141940291617
192,44,1984,RI,0.481702697550747,0.5160585474531434,0.4839414525468566
193,45,1984,SC,0.3588195527333598,0.42359392950541075,0.5764060704945893
194,46,1984,SD,0.3670048675643214,0.3763870317723539,0.6236129682276461
195,47,1984,TN,0.4181815190554701,0.45741960422224937,0.5425803957777506
196,48,1984,TX,0.3621369482698658,0.4014104461382084,0.5985895538617916
197,49,1984,UT,0.2487997899031825,0.2663646615806132,0.7336353384193868
198,50,1984,VT,0.413350892722209,0.438030739684542,0.561969260315458
199,51,1984,VA,0.3732431206078015,0.37929860805777604,0.620701391942224
200,53,1984,WA,0.4342885667840402,0.41778255389131447,0.5822174461086855
201,54,1984,WV,0.4472756567540157,0.4908299086478398,0.5091700913521602
202,55,1984,WI,0.4537618122641135,0.43094239464566586,0.5690576053543341
203,56,1984,WY,0.2859960023792809,0.31446991619211273,0.6855300838078873
204,1,1988,AL,0.4025443160191109,0.47605372186616535,0.5239462781338347
205,2,1988,AK,0.378366825657466,0.4180303540385193,0.5819696459614807
206,4,1988,AZ,0.3925650846900749,0.3959492827303963,0.6040507172696037
207,5,1988,AR,0.4280835728688489,0.4967964592210916,0.5032035407789084
208,6,1988,CA,0.4819268946362411,0.48130474999499295,0.518695250005007
209,8,1988,CO,0.4604617561850285,0.439536716450732,0.560463283549268
210,9,1988,CT,0.4741884954356701,0.5260390508878876,0.4739609491121124
211,11,1988,DC,0.8524575260565678,0.09897,0.90103
212,10,1988,DE,0.4375881040413072,0.4850471894652948,0.5149528105347052
213,12,1988,FL,0.3874792835414841,0.43388430235829967,0.5661156976417003
214,13,1988,GA,0.3979638365523965,0.4949783625617177,0.5050216374382823
215,15,1988,HI,0.5480627598015892,0.5603583983318634,0.4396416016681366
216,16,1988,ID,0.3671217714936695,0.34958503899712845,0.6504149610028716
217,17,1988,IL,0.4895072300364114,0.5042708717792053,0.49572912822079473
218,18,1988,IN,0.3987400887506799,0.46056328475788355,0.5394367152421164
219,19,1988,IA,0.5514848114008251,0.5102275939929659,0.4897724060070341
220,20,1988,KS,0.4327249829781352,0.42025760639667054,0.5797423936033295
221,21,1988,KY,0.4414623218821145,0.48508455497839753,0.5149154450216025
222,22,1988,LA,0.4538249165782335,0.4657428552436107,0.5342571447563893
223,23,1988,ME,0.4422898129653169,0.5296589118117816,0.4703410881882184
224,24,1988,MD,0.4853556976888299,0.565707681491098,0.43429231850890204
225,25,1988,MA,0.5398224225265307,0.5929812253622306,0.40701877463776936
226,26,1988,MI,0.4602195003994486,0.521698898245941,0.47830110175405904
227,27,1988,MN,0.5355085992524404,0.5552032069252433,0.4447967930747567
228,28,1988,MS,0.3947891704481721,0.47378492734743016,0.5262150726525698
229,29,1988,MO,0.4800308831902278,0.4916395776253464,0.5083604223746536
230,30,1988,MT,0.4701181027861572,0.44747825044069156,0.5525217495593084
231,31,1988,NE,0.3945430205153375,0.37598617501156495,0.624013824988435
232,32,1988,NV,0.3918141083541434,0.4026061617257808,0.5973938382742192
233,33,1988,NH,0.3676636727286612,0.4011441276439669,0.5988558723560331
234,34,1988,NJ,0.4309884238646482,0.5066443324485546,0.49335566755144544
235,35,1988,NM,0.4749008425951464,0.4602671542030379,0.5397328457969621
236,36,1988,NY,0.5206859423682372,0.5459271880763019,0.4540728119236981
237,37,1988,NC,0.4184246213144999,0.4773517205809541,0.5226482794190459
238,38,1988,ND,0.4340464427213233,0.4458240532703268,0.5541759467296732
239,39,1988,OH,0.4452593534974925,0.4882387953975944,0.5117612046024056
240,40,1988,OK,0.4161018772755833,0.41610162451856914,0.5838983754814309
241,41,1988,OR,0.5238368079759795,0.5128318247988766,0.48716817520112343
242,42,1988,PA,0.4883045300466226,0.5271642204629021,0.4728357795370979
243,44,1988,RI,0.5587787055331063,0.6049085621547854,0.3950914378452146
244,45,1988,SC,0.3792785443558168,0.4718959724135048,0.5281040275864952
245,46,1988,SD,0.468076211914141,0.4403065015841898,0.5596934984158102
246,47,1988,TN,0.4178135949802923,0.5001946571494149,0.4998053428505851
247,48,1988,TX,0.4365366706886273,0.44391100138580564,0.5560889986141944
248,49,1988,UT,0.3261212516809927,0.3446236666886646,0.6553763333113354
249,50,1988,VT,0.4821828692327555,0.5448085024196723,0.45519149758032773
250,51,1988,VA,0.3964105394241759,0.4543960418898223,0.5456039581101777
251,53,1988,WA,0.5080771175458582,0.5146946212050798,0.4853053787949202
252,54,1988,WV,0.5237689319762058,0.5370467487774513,0.4629532512225487
253,55,1988,WI,0.5182346629456104,0.5232397268895195,0.4767602731104805
254,56,1988,WY,0.3857512357742269,0.37056623250816223,0.6294337674918378
255,1,1992,AL,0.4617887354009701,0.4572307247710774,0.5427692752289226
256,2,1992,AK,0.4342573796132983,0.4506945586537592,0.5493054413462408
257,4,1992,AZ,0.4869809601698806,0.4453761050569942,0.5546238949430058
258,5,1992,AR,0.5999226706612252,0.47623437824207304,0.523765621757927
259,6,1992,CA,0.5851672876937908,0.5135506556695182,0.4864493443304818
260,8,1992,CO,0.5280206552282498,0.48335779598512607,0.5166422040148739
261,9,1992,CT,0.5412511670742668,0.5265859331100522,0.4734140668899478
262,11,1992,DC,0.9029706961939272,0.046709999999999974,0.95329
263,10,1992,DE,0.5519799270472528,0.5055567396089478,0.49444326039105224
264,12,1992,FL,0.4881521655164098,0.4504536630632954,0.5495463369367046
265,13,1992,GA,0.5034212845109663,0.4661545610812188,0.5338454389187812
266,15,1992,HI,0.567199777308213,0.5801541209775967,0.41984587902240333
267,16,1992,ID,0.4033851697884342,0.4173954181509978,0.5826045818490022
268,17,1992,IL,0.585882182122468,0.528602368178797,0.471397631821203
269,18,1992,IN,0.4616510546606123,0.47074270192515844,0.5292572980748416
270,19,1992,IA,0.5373252911356213,0.5498533745232486,0.45014662547675144
271,20,1992,KS,0.4645894441238242,0.4626104473058006,0.5373895526941994
272,21,1992,KY,0.5186877769476606,0.48874134702842964,0.5112586529715704
273,22,1992,LA,0.5266513786041565,0.4720119573859427,0.5279880426140573
274,23,1992,ME,0.5605587286454831,0.5206182367854097,0.47938176321459025
275,24,1992,MD,0.5829990003921766,0.5506411017695809,0.4493588982304191
276,25,1992,MA,0.6209234684003614,0.602294957800793,0.397705042199207
277,26,1992,MI,0.5461515964697112,0.5166804618483107,0.48331953815168927
278,27,1992,MN,0.5772134022448636,0.5661431594644903,0.43385684053550966
279,28,1992,MS,0.450715105326158,0.4457700068771704,0.5542299931228296
280,29,1992,MO,0.5650696610031356,0.5146823696815308,0.4853176303184692
281,30,1992,MT,0.517240571248753,0.5018579389502826,0.49814206104971737
282,31,1992,NE,0.3869465363456711,0.4534611154605326,0.5465388845394674
283,32,1992,NV,0.5182477751961773,0.4461918925443653,0.5538081074556347
284,33,1992,NH,0.507965513554495,0.44023758344700337,0.5597624165529966
285,34,1992,NJ,0.5142031835209345,0.5105673287841395,0.48943267121586054
286,35,1992,NM,0.5514215676975641,0.5039855342544795,0.49601446574552055
287,36,1992,NY,0.5947834771949159,0.5693921254197911,0.4306078745802089
288,37,1992,NC,0.4954153572081328,0.4660422444486123,0.5339577555513877
289,38,1992,ND,0.4212529522709122,0.49974973152815005,0.50025026847185
290,39,1992,OH,0.5116816334695452,0.5013287730663412,0.49867122693365884
291,40,1992,OK,0.4437788169738132,0.4509339943913173,0.5490660056086827
292,41,1992,OR,0.5663389151659282,0.560527609613434,0.43947239038656605
293,42,1992,PA,0.5554852946101531,0.5348260805525786,0.46517391944742137
294,44,1992,RI,0.6184372281820818,0.574652266211714,0.42534773378828605
295,45,1992,SC,0.4536466162923915,0.45619049149748925,0.5438095085025108
296,46,1992,SD,0.4773896623166135,0.4978282980914761,0.5021717019085239
297,47,1992,TN,0.5259803664707596,0.4847325749782154,0.5152674250217846
298,48,1992,TX,0.477578368341145,0.4673712420019678,0.5326287579980322
299,49,1992,UT,0.3624642088601967,0.3878946164117094,0.6121053835882906
300,50,1992,VT,0.6025420135850691,0.5579991536833688,0.44200084631663117
301,51,1992,VA,0.4744498706585656,0.45603671618530095,0.543963283814699
302,53,1992,WA,0.5759170107251123,0.5486688098850951,0.45133119011490486
303,54,1992,WV,0.5776883808194074,0.5715253375915155,0.42847466240848453
304,55,1992,WI,0.5279450850211544,0.5439302356949773,0.45606976430502266
305,56,1992,WY,0.4620797657060342,0.43635803215094615,0.5636419678490538
306,1,1996,AL,0.4626612884631105,0.4361087214930376,0.5638912785069624
307,2,1996,AK,0.3957149749416618,0.4329862553419019,0.5670137446580981
308,4,1996,AZ,0.5122377115185426,0.45302147288275907,0.5469785271172409
309,5,1996,AR,0.5935282486475548,0.4980683193110996,0.5019316806889004
310,6,1996,CA,0.5721627162512299,0.5313584710232518,0.46864152897674816
311,8,1996,CO,0.4924079236977256,0.4997683323198474,0.5002316676801526
312,9,1996,CT,0.6036350688231273,0.5292692850898288,0.47073071491017116
313,11,1996,DC,0.9012354820886426,0.89149,0.10851
314,10,1996,DE,0.5862365663256995,0.5015692139813396,0.4984307860186604
315,12,1996,FL,0.5315496119510641,0.46412104420093925,0.5358789557990608
316,13,1996,GA,0.4936773080144583,0.4643098923382598,0.5356901076617402
317,15,1996,HI,0.6427615180824882,0.5903928312503963,0.4096071687496037
318,16,1996,ID,0.3920097242428407,0.39260353343525684,0.6073964665647431
319,17,1996,IL,0.5960509218545778,0.5377355164783442,0.46226448352165583
320,18,1996,IN,0.4685159364495435,0.4496222387904105,0.5503777612095895
321,19,1996,IA,0.5573338892373273,0.5184151935769972,0.48158480642300283
322,20,1996,KS,0.3992763445201585,0.456476939938271,0.543523060061729
323,21,1996,KY,0.5052905118434284,0.4758144322116754,0.5241855677883246
324,22,1996,LA,0.5656083827159214,0.4818730289954375,0.5181269710045625
325,23,1996,ME,0.6266212041685532,0.5163231693751505,0.48367683062484945
326,24,1996,MD,0.5863842348627238,0.5448445657259451,0.4551554342740549
327,25,1996,MA,0.6863983544917397,0.6007087349272437,0.39929126507275625
328,26,1996,MI,0.5732441336669677,0.5099623461771228,0.49003765382287723
329,27,1996,MN,0.5937938877977481,0.5458635255467357,0.4541364744532643
330,28,1996,MS,0.472527762454129,0.4208180207782897,0.5791819792217103
331,29,1996,MO,0.5354703747642815,0.5160873154550991,0.4839126845449009
332,30,1996,MT,0.4831258954927583,0.48628486091804035,0.5137151390819596
333,31,1996,NE,0.3944517749921696,0.4261356599816781,0.5738643400183219
334,32,1996,NV,0.5058653135524703,0.46862716112910846,0.5313728388708916
335,33,1996,NH,0.5561066616073325,0.4452918575624783,0.5547081424375218
336,34,1996,NJ,0.5996678530612719,0.5137723531489579,0.48622764685104214
337,35,1996,NM,0.5402413056103159,0.5167385243308723,0.4832614756691277
338,36,1996,NY,0.6601749592111598,0.5674500327585179,0.4325499672414821
339,37,1996,NC,0.4747001333026536,0.47247213238233365,0.5275278676176663
340,38,1996,ND,0.4608868099415835,0.4726974479184559,0.5273025520815441
341,39,1996,OH,0.5359694918172054,0.49049356902446895,0.509506430975531
342,40,1996,OK,0.4559939089329422,0.4003918325269753,0.5996081674730247
343,41,1996,OR,0.5469311571965823,0.5505333585108566,0.4494666414891434
344,42,1996,PA,0.5516120536083254,0.5215278219872164,0.47847217801278363
345,44,1996,RI,0.690042133874984,0.5897286162786026,0.4102713837213974
346,45,1996,SC,0.4677928444217171,0.4413772950382486,0.5586227049617514
347,46,1996,SD,0.4806641460486552,0.480113613779917,0.519886386220083
348,47,1996,TN,0.5128664234186056,0.4654303277914469,0.5345696722085531
349,48,1996,TX,0.4733937661787773,0.45886275801335075,0.5411372419866493
350,49,1996,UT,0.3798051218074387,0.38190049361905054,0.6180995063809495
351,50,1996,VT,0.6318283038406202,0.5786601900072708,0.42133980999272924
352,51,1996,VA,0.4893940549293311,0.45044038473034986,0.5495596152696501
353,53,1996,WA,0.5719465284478128,0.5327970955817181,0.46720290441828194
354,54,1996,WV,0.5835466517610786,0.5614702453312469,0.4385297546687531
355,55,1996,WI,0.5591919666145019,0.5210335982686678,0.4789664017313322
356,56,1996,WY,0.4251208256510402,0.4348139337469355,0.5651860662530646
357,1,2000,AL,0.423930580786689,0.43445303923466383,0.5655469607653362
358,2,2000,AK,0.3206305143627081,0.3882168893435899,0.6117831106564101
359,4,2000,AZ,0.4671740083286014,0.47019174287745813,0.5298082571225419
360,5,2000,AR,0.4719931048957919,0.5144474301292912,0.48555256987070883
361,6,2000,CA,0.5620298999907178,0.5318637014256676,0.46813629857433237
362,8,2000,CO,0.4551408005672097,0.4779497588416153,0.5220502411583847
363,9,2000,CT,0.5925565804885452,0.5454415704728736,0.45455842952712644
364,11,2000,DC,0.9048769447777848,0.8692500000000001,0.13074999999999992
365,10,2000,DE,0.5674006478528845,0.5172977054976515,0.4827022945023485
366,12,2000,FL,0.4999539059196644,0.47943576823465994,0.5205642317653401
367,13,2000,GA,0.4401624637709734,0.462879956227462,0.5371200437725381
368,15,2000,HI,0.5982729628042934,0.5715465423098052,0.4284534576901948
369,16,2000,ID,0.2915150954425599,0.3735465827996107,0.6264534172003893
370,17,2000,IL,0.5618001031583959,0.5451836576190836,0.4548163423809164
371,18,2000,IN,0.4199521746741806,0.4473190899426139,0.5526809100573862
372,19,2000,IA,0.5016277918751817,0.4951401751616272,0.5048598248383728
373,20,2000,KS,0.3908309253647191,0.3936704813998322,0.6063295186001678
374,21,2000,KY,0.4227221299598383,0.43596046220085294,0.5640395377991471
375,22,2000,LA,0.4606075403365277,0.4721176859969708,0.5278823140030292
376,23,2000,ME,0.5274784154100042,0.5488824359220008,0.4511175640779992
377,24,2000,MD,0.5847082460059023,0.5556155017335737,0.44438449826642634
378,25,2000,MA,0.6478934376063381,0.6199731194377798,0.3800268805622202
379,26,2000,MI,0.5263460648173409,0.525649190938411,0.474350809061589
380,27,2000,MN,0.5128641197581132,0.5370196830128806,0.4629803169871194
381,28,2000,MS,0.4139451516075371,0.4305503586952982,0.5694496413047019
382,29,2000,MO,0.4828805134324933,0.4994163638746883,0.5005836361253118
383,30,2000,MT,0.3634363802133028,0.47142826469985516,0.5285717353001449
384,31,2000,NE,0.3482051913791497,0.38265768868698025,0.6173423113130198
385,32,2000,NV,0.4814316150032757,0.49268939018734625,0.5073106098126537
386,33,2000,NH,0.4933219980478119,0.48452539424255875,0.5154746057574413
387,34,2000,NJ,0.5821140941672093,0.5343740129125684,0.46562598708743164
388,35,2000,NM,0.5003192602930914,0.498400872816095,0.501599127183905
389,36,2000,NY,0.630878852342418,0.5786193539231455,0.42138064607685455
390,37,2000,NC,0.4353600301849695,0.45629300373740467,0.5437069962625953
391,38,2000,ND,0.3527260342938372,0.4618337438566318,0.5381662561433682
392,39,2000,OH,0.4818156833904182,0.49135050766046545,0.5086494923395346
393,40,2000,OK,0.3891932877788108,0.41273848430081683,0.5872615156991832
394,41,2000,OR,0.5023589198553057,0.520697799325742,0.479302200674258
395,42,2000,PA,0.5214847871680315,0.511766908835472,0.48823309116452795
396,44,2000,RI,0.6564911606759932,0.6210994717843409,0.3789005282156591
397,45,2000,SC,0.4184697276651538,0.4544747420268726,0.5455252579731273
398,46,2000,SD,0.3838528742762613,0.4554206182422732,0.5445793817577268
399,47,2000,TN,0.4803713321482099,0.46837555185430113,0.5316244481456989
400,48,2000,TX,0.3904372985143706,0.4544170777704856,0.5455829222295143
401,49,2000,UT,0.2827449456867586,0.378109550205834,0.621890449794166
402,50,2000,VT,0.554403508967734,0.5877185667021304,0.4122814332978696
403,51,2000,VA,0.4585276369416675,0.4558971334982392,0.5441028665017609
404,53,2000,WA,0.5294477100940541,0.5096938613763676,0.49030613862363237
405,54,2000,WV,0.4675792598406258,0.5392810519508742,0.46071894804912583
406,55,2000,WI,0.5011506830315781,0.5123436476976674,0.4876563523023326
407,56,2000,WY,0.2901769435968296,0.40866918562839316,0.5913308143716068
